<?xml version="1.0" encoding="UTF-8"?>
<component version="0.2">
    <title xml:lang="ko">이모티콘2</title>
    <title xml:lang="jp">顔文字（イモティコン）</title>
    <title xml:lang="zh-CN">表情图标</title>
    <title xml:lang="en">Display Emoticons</title>
    <title xml:lang="vi">Diễn tả cảm xúc</title>
    <title xml:lang="es">Mostrar iconos gestuales</title>
    <title xml:lang="ru">Отображение смайлов</title>
    <title xml:lang="zh-TW">表情符號</title>
    <title xml:lang="tr">His Simgeleri Gösterimi</title>
    <description xml:lang="ko">이모티콘을 에디터에 삽입할 수 있습니다.</description>
    <description xml:lang="jp">顔文字（イモティコン）をエディターに追加することが出来ます。</description>
    <description xml:lang="zh-CN">可以插入表情图标到编辑器。</description>
    <description xml:lang="en">You may insert emoticons to editor.</description>
    <description xml:lang="vi">Bạn có thể chèn biểu tượng cảm xúc vào bài viết.</description>
    <description xml:lang="es">Usted puede insertar emoticonos para el editor.</description>
    <description xml:lang="ru">Вы можете вставить смыйлы в редактор.</description>
    <description xml:lang="zh-TW">可插入表情符號到編輯器。</description>
    <description xml:lang="tr">Editöre his simgeleri ekleyebilirsiniz.</description>
    <version>1.0</version>
    <date>2012-11-16</date>

    <author email_address="developers@xpressengine.com" link="http://xpressengine.com/">
        <name xml:lang="vi">NAVER</name>
        <name xml:lang="ko">NAVER</name>
        <name xml:lang="jp">NAVER</name>
        <name xml:lang="zh-CN">NAVER</name>
        <name xml:lang="en">NAVER</name>
        <name xml:lang="es">NAVER</name>
        <name xml:lang="ru">NAVER</name>
        <name xml:lang="zh-TW">NAVER</name>
        <name xml:lang="tr">NAVER</name>
    </author>
    <author email_address="contact@sketchbooks.co.kr" link="http://sketchbooks.co.kr/">
        <name xml:lang="ko">sketchbook</name>
        <name xml:lang="vi">sketchbook</name>
        <name xml:lang="jp">sketchbook</name>
        <name xml:lang="zh-CN">sketchbook</name>
        <name xml:lang="en">sketchbook</name>
        <name xml:lang="es">sketchbook</name>
        <name xml:lang="ru">sketchbook</name>
        <name xml:lang="zh-TW">sketchbook</name>
        <name xml:lang="tr">sketchbook</name>
    </author>
</component>
